026;072;026072;TV;SINISTRA PIAVE;San Fior;-;Via Marco Polo 29;San Fior;www.savnoservizi.it;-;
023;025;023025;VR;VERONA SUD;Cerea;-;Zona Fontanelle - Via Sangallo;Cerea;www.cerea.net;-;
024;016;024016;VI;VICENZA;Bressanvido;-;Z.I. Via S. Benedetto;Bressanvido;www.comune.bressanvido.vi.it;-;
025;071;025071;BL;BELLUNO;Longarone;-;Z.I. Loc. Villanova;Longarone;www.ecomontsrl.it;-;
025;035;025035;BL;BELLUNO;Ospitale di Cadore;-;Z.I. Loc. Villanova;Longarone;www.ecomontsrl.it;-;
025;057;025057;BL;BELLUNO;Soverzene;-;Z.I. Loc. Villanova;Longarone;www.ecomontsrl.it;-;
025;005;025005;BL;BELLUNO;Auronzo di Cadore;-;Z.I. Cimagogna  - Vallesella;Auronzo di Cadore;www.ecomontsrl.it;-;
025;008;025008;BL;BELLUNO;Calalzo di Cadore;-;Z.I. Cimagogna  - Vallesella;Auronzo di Cadore;www.ecomontsrl.it;-;
025;018;025018;BL;BELLUNO;Domegge di Cadore;-;Z.I. Cimagogna  - Vallesella;Auronzo di Cadore;www.ecomontsrl.it;-;
023;031;023031;VR;VERONA NORD;Dolce';-;Volargne;Dolce';www.consorziovr2.it;-;
026;023;026023;TV;DESTRA PIAVE;Cornuda;-;Via Piave;Cornuda;www.contarina.it;-;
027;002;027002;VE;VENEZIA;Campagna Lupia;-;Viale Venezia 3;Mirano ;www.gruppoveritas.it;-;
027;003;027003;VE;VENEZIA;Campolongo Maggiore;-;Viale Venezia 3;Mirano ;www.gruppoveritas.it;-;
027;004;027004;VE;VENEZIA;Camponogara;-;Viale Venezia 3;Mirano ;www.gruppoveritas.it;-;
027;012;027012;VE;VENEZIA;Dolo;-;Viale Venezia 3;Mirano ;www.gruppoveritas.it;-;
027;014;027014;VE;VENEZIA;Fiesso d'Artico;-;Viale Venezia 3;Mirano ;www.gruppoveritas.it;-;
027;017;027017;VE;VENEZIA;Fosso';-;Viale Venezia 3;Mirano ;www.gruppoveritas.it;-;
027;023;027023;VE;VENEZIA;Mira;-;Viale Venezia 3;Mirano ;www.gruppoveritas.it;-;
027;024;027024;VE;VENEZIA;Mirano;-;Viale Venezia 3;Mirano ;www.gruppoveritas.it;-;
027;039;027039;VE;VENEZIA;Stra;-;Viale Venezia 3;Mirano ;www.gruppoveritas.it;-;
023;027;023027;VR;VERONA SUD;Cologna Veneta;-;Viale Roma;Cologna Veneta;www.comune.cologna-veneta.vr.it;-;
029;001;029001;RO;ROVIGO;Adria;-;Viale Risorgimento 60;Adria ;www.ecoambienterovigo.i;-;
029;034;029034;RO;ROVIGO;Papozze;Area mercato;-;-;www.ecoambienterovigo.i;-;
029;051;029051;RO;ROVIGO;Villanova Marchesana;Area mercato;-;-;www.ecoambienterovigo.i;-;
023;048;023048;VR;VERONA SUD;Minerbe;-;Viale dell'Agricoltura;Minerbe;www.comune.minerbe.vr.it;-;
029;003;029003;RO;ROVIGO;Arqua' Polesine;Area mercato;-;-;www.ecoambienterovigo.i;-;
029;007;029007;RO;ROVIGO;Bosaro;-;-;-;www.ecoambienterovigo.i;-;
029;015;029015;RO;ROVIGO;Ceregnano;Area mercato;-;-;www.ecoambienterovigo.i;-;
029;023;029023;RO;ROVIGO;Frassinelle Polesine;Area mercato;-;-;www.ecoambienterovigo.i;-;
029;026;029026;RO;ROVIGO;Gavello;Area mercato;-;-;www.ecoambienterovigo.i;-;
029;035;029035;RO;ROVIGO;Pettorazza Grimani;Area mercato;-;-;www.ecoambienterovigo.i;-;
029;038;029038;RO;ROVIGO;Pontecchio Polesine;Area mercato;-;-;www.ecoambienterovigo.i;-;
029;041;029041;RO;ROVIGO;Rovigo;-;Via Delle Industrie 21 ;Rovigo;www.ecoambienterovigo.i;-;
029;044;029044;RO;ROVIGO;San Martino di Venezze;Area mercato;-;-;www.ecoambienterovigo.i;-;
029;048;029048;RO;ROVIGO;Villadose;Area mercato;-;-;www.ecoambienterovigo.i;-;
029;049;029049;RO;ROVIGO;Villamarzana;Area mercato;-;-;www.ecoambienterovigo.i;-;
029;037;029037;RO;ROVIGO;Polesella;Area mercato;-;-;www.ecoambienterovigo.i;-;
028;008;028008;PD;PADOVA SUD;Bagnoli di Sopra;-;Viale Dell'artigianato 33;Conselve;www.bacinopd3.it;-;
028;034;028034;PD;PADOVA SUD;Conselve;-;Viale Dell'artigianato 33;Conselve;www.bacinopd3.it;-;
024;102;024102;VI;VICENZA;Sossano;-;Viale Della Stazione S.N.;Sossano;www.comune.sossano.vi.it;-;
029;009;029009;RO;ROVIGO;Canaro;Area mercato;-;-;www.ecoambienterovigo.i;-;
029;021;029021;RO;ROVIGO;Ficarolo;Area mercato;-;-;www.ecoambienterovigo.i;-;
029;022;029022;RO;ROVIGO;Fiesso Umbertiano;-;Via Chiavichetta;Fiesso Umbertiano;www.ecoambienterovigo.i;-;
029;033;029033;RO;ROVIGO;Occhiobello;-;-;-;www.ecoambienterovigo.i;-;
029;036;029036;RO;ROVIGO;Pincara;Area mercato;-;-;www.ecoambienterovigo.i;-;
023;010;023010;VR;VERONA SUD;Boschi Sant'Anna;-;Viale della Stazione;Boschi Sant'Anna;www.comune.boschisantanna.vr.it;-;
024;057;024057;VI;BRENTA;Marostica;-;Viale della Ceramica 62;Marostica;www.comune.marostica.vi.it;-;
023;060;023060;VR;VERONA NORD;Povegliano Veronese;-;Viale del Lavoro 2 - Zai ;Povegliano Veronese;www.comune.poveglianoveronese.vr.it;-;
023;028;023028;VR;VERONA NORD;Colognola ai Colli;-;Viale del Lavoro;Colognola ai Colli;www.comunecolognola.it;-;
028;029;028029;PD;PADOVA SUD;Castelbaldo;-;-;conferimento nei centri di raccolta di Casale di Scodosia; Merlara; Piacenza d'Adige;www.bacinopd3.it;-;
028;049;028049;PD;PADOVA SUD;Masi;-;Via Zurlara 5/A ;Merlara;www.bacinopd3.it;-;
028;053;028053;PD;PADOVA SUD;Merlara;-;-;Merlara;www.bacinopd3.it;-;
028;094;028094;PD;PADOVA SUD;Tribano;-;Viale Germania;Tribano;www.bacinopd3.it;-;
028;095;028095;PD;PADOVA SUD;Urbana;-;-;conferimento nei centri di raccolta di Casale di Scodosia; Merlara; Piacenza d'Adige;www.bacinopd3.it;-;
028;105;028105;PD;PADOVA SUD;Vo;-;centro di raccolta non presente;-;www.bacinopd3.it;x;
028;035;028035;PD;PADOVA SUD;Correzzola;-;Via Zurlara 5/A ;Merlara;www.bacinopd3.it;x;
023;022;023022;VR;VERONA NORD;Castelnuovo del Garda;-;Via Zonconi - Sandra';Castelnuovo del Garda;www.comune.castelnuovodelgarda.vr.it;-;
024;083;024083;VI;VICENZA;Quinto Vicentino;-;Via XX Settembre;Quinto Vicentino;www.comune.quintovicentino.vi.it;-;
027;041;027041;VE;VENEZIA;Torre di Mosto;-;Via Xola;Torre di Mosto;www.torredimosto.it;-;
028;030;028030;PD;BRENTA;Cervarese Santa Croce;-;Via Volta;Teolo;www.comune.teolo.pd.it;-;
028;089;028089;PD;BRENTA;Teolo;-;Via Volta;Teolo;www.comune.teolo.pd.it;-;
026;016;026016;TV;SINISTRA PIAVE;Chiarano;-;Via Vittorio Veneto;Chiarano;www.savnoservizi.it;-;
026;038;026038;TV;SINISTRA PIAVE;Mareno di Piave;-;Via Galileo Galilei - Z.I. Ramera;Mareno di Piave;www.savnoservizi.it;-;
027;029;027029;VE;VENEZIA;Portogruaro;-;Via Villastorta;Portogruaro;www.asvo.it;-;
024;060;024060;VI;VICENZA;Montebello Vicentino;-;Via Vigazzolo;Montebello Vicentino;www.agnochiampoambiente.it;-;
026;014;026014;TV;DESTRA PIAVE;Cavaso del Tomba;-;Via Pasubio;Cavaso del Tomba;www.contarina.it;-;
023;078;023078;VR;VERONA NORD;Sant'Anna d'Alfaedo;-;Via Verdi 20;Sant'Anna d'Alfaedo;www.comune.santannadalfaedo.vr.it;-;
024;116;024116;VI;VICENZA;Vicenza;-;Via Venier 47;Vicenza;www.aimvicenza.it;-;
026;034;026034;TV;SINISTRA PIAVE;Gorgo al Monticano;-;Via Veneto;Gorgo al Monticano;www.savnoservizi.it;-;
024;064;024064;VI;VICENZA;Montegalda;-;Via Vegri;Montegalda;www.soraris.it;-;
026;044;026044;TV;DESTRA PIAVE;Monastier di Treviso;-;Via Vallio;Monastier di Treviso;www.contarina.it;-;
026;004;026004;TV;DESTRA PIAVE;Borso del Grappa;-;Via Vallina Orticella;Borso del Grappa;www.contarina.it;-;
023;068;023068;VR;VERONA SUD;Salizzole;-;Via Valle';Salizzole;www.comune.salizzole.vr.it;-;
023;053;023053;VR;VERONA SUD;Nogara;-;Via Valle;Nogara;www.comune.nogara.vr.it;-;
025;015;025015;BL;BELLUNO;Comelico Superiore;-;Moie' Ponte del Salto;Comelico Superiore;www.provincia.belluno.it/;-;
024;006;024006;VI;VICENZA;Arcugnano;-;Via Val di Burra;Arcugnano;www.utilya.it;-;
026;087;026087;TV;SINISTRA PIAVE;Valdobbiadene;-;Via Val dei Faveri;Valdobbiadene;www.savnoservizi.it;-;
029;006;029006;RO;ROVIGO;Bergantino;-;Via Vaccara 486/A;Bergantino;www.ecoambienterovigo.it;-;
023;021;023021;VR;VERONA NORD;Castel d'Azzano;-;Via Toscanini;Castel d'Azzano;www.halleysac.it/c023021/hh/index.php;-;
024;040;024040;VI;VICENZA;Fara Vicentino;-;Via Torricelle;Fara Vicentino;www.altovicentinoambiente.it;-;
023;084;023084;VR;VERONA SUD;Sorga';-;Via Torre Masino;Sorga';www.comune.sorga.vr.it;-;
028;003;028003;PD;PADOVA CENTRO;Albignasego;-;Via Torino;Albignasego;www.saviservizi.it;-;
026;035;026035;TV;DESTRA PIAVE;Istrana;-;Via Toniolo;Istrana;www.contarina.it;-;
026;008;026008;TV;DESTRA PIAVE;Carbonera;-;Via Tommaso Salsa;Carbonera;www.contarina.it;-;
023;069;023069;VR;VERONA NORD;San Bonifacio;-;Contrada Tombole;San Bonifacio;www.comune.sanbonifacio.vr.it;-;
026;069;026069;TV;DESTRA PIAVE;Roncade;-;Via Tintoretto;Roncade;www.contarina.it;-;
026;083;026083;TV;DESTRA PIAVE;Susegana;-;Via Stradonelli;Susegana;www.contarina.it;-;
023;065;023065;VR;VERONA SUD;Roverchiara;-;Via Stradone;Roverchiara;www.comune.roverchiara.vr.it;-;
024;118;024118;VI;VICENZA;Villaverla;-;Via Stadio;Villaverla;www.altovicentinoambiente.it;-;
024;068;024068;VI;VICENZA;Montorso Vicentino;-;Via dell'Artigianato;Montorso Vicentino;www.agnochiampoambiente.it;-;
024;079;024079;VI;VICENZA;Pojana Maggiore;-;Via Spello;Pojana Maggiore;www.utilya.it;-;
024;034;024034;VI;VICENZA;Cornedo Vicentino;-;Via Silvio Pellico;Cornedo Vicentino;www.agnochiampoambiente.it;-;
024;116;024116;VI;VICENZA;Vicenza;-;Via Silvio De Faveri 7;Vicenza;www.aimvicenza.it;-;
023;016;023016;VR;VERONA NORD;Buttapietra;-;Via Settimo di Gallese;Buttapietra;www.comunedibuttapietra.it;-;
028;010;028010;PD;PADOVA SUD;Barbona;-;Via Serragli 84;Piacenza d�Adige;www.bacinopd3.it;x;
028;029;028029;PD;PADOVA SUD;Castelbaldo;-;-;conferimento nei centri di raccolta di Casale di Scodosia; Merlara; Piacenza d'Adige;www.bacinopd3.it;-;
028;043;028043;PD;PADOVA SUD;Granze;-;Via Serragli 84;Piacenza d'Adige;www.bacinopd3.it;x;
028;049;028049;PD;PADOVA SUD;Masi;-;Via Zurlara 5/A ;Merlara;www.bacinopd3.it;-;
028;051;028051;PD;PADOVA SUD;Megliadino San Fidenzio;-;-;conferimento nei centri di raccolta di Casale di Scodosia; Merlara; Piacenza d'Adige;www.bacinopd3.it;-;
028;052;028052;PD;PADOVA SUD;Megliadino San Vitale;-;-;conferimento nei centri di raccolta di Casale di Scodosia; Merlara; Piacenza d'Adige;www.bacinopd3.it;-;
028;062;028062;PD;PADOVA SUD;Piacenza d'Adige;-;Via Serragli 84;Piacenza d'Adige;www.bacinopd3.it;-;
028;067;028067;PD;PADOVA SUD;Ponso;-;-;conferimento nei centri di raccolta di Casale di Scodosia; Merlara; Piacenza d'Adige;www.bacinopd3.it;-;
028;081;028081;PD;PADOVA SUD;Santa Margherita d'Adige;-;-;conferimento nei centri di raccolta di Casale di Scodosia; Merlara; Piacenza d'Adige;www.bacinopd3.it;-;
028;095;028095;PD;PADOVA SUD;Urbana;-;-;conferimento nei centri di raccolta di Casale di Scodosia; Merlara; Piacenza d'Adige;www.bacinopd3.it;-;
028;098;028098;PD;PADOVA SUD;Vighizzolo d'Este;-;Via Serragli 84;Piacenza d�Adige;www.bacinopd3.it;-;
028;102;028102;PD;PADOVA SUD;Villa Estense;-;Via Serragli 84;Piacenza d'Adige;www.bacinopd3.it;-;
026;086;026086;TV;DESTRA PIAVE;Treviso;-;Viale della Serenissima - Porta del Leon;Treviso;www.contarina.it;-;
023;023;023023;VR;VERONA NORD;Cavaion Veronese;-;Via Sega;Cavaion Veronese;www.consorziovr2.it;-;
026;063;026063;TV;DESTRA PIAVE;Preganziol;-;Via Schiavonia Nuova;Preganziol;www.contarina.it;-;
024;067;024067;VI;VICENZA;Monticello Conte Otto;-;Via Saviabona;Monticello Conte Otto;www.comune.monticello.vi.it;-;
023;097;023097;VR;VERONA SUD;Zevio;-;Via Corone;Zevio;www.comune.zevio.vr.it;-;
023;052;023052;VR;VERONA NORD;Negrar;-;Via Francia;Negrar;www.comunenegrar.it;-;
029;012;029012;RO;ROVIGO;Castelmassa;-;Via Sarta;Castelmassa;www.ecoambienterovigo.i;-;
026;020;026020;TV;SINISTRA PIAVE;Colle Umberto;-;Via Sarpi;Godega di Sant'Urbano;www.comune.colle-umberto.tv.it;-;
026;033;026033;TV;SINISTRA PIAVE;Godega di Sant'Urbano;-;Via Sarpi;Godega di Sant'Urbano;www.savnoservizi.it;-;
023;061;023061;VR;VERONA SUD;Pressana;-;centro di raccolta non presente;-;www.comunepressana.it;-;
023;026;023026;VR;VERONA NORD;Cerro Veronese;-;Via San Vincenzo;Cerro Veronese;www.cerro-veronese.it;-;
024;070;024070;VI;BRENTA;Mussolente;-;Via San Giuseppe - Loc. Casoni;Mussolente;www.etraspa.it;-;
023;032;023032;VR;VERONA SUD;Erbe';-;Via San Giuseppe;Erbe';www.comune.erbe.vr.it;-;
028;004;028004;PD;PADOVA SUD;Anguillara Veneta;-;Via San Girolamo 1 ;Anguillara Veneta;www.bacinopd3.it;-;
024;096;024096;VI;VICENZA;San Vito di Leguzzano;-;Via Saletti n. 15;San Vito di Leguzzano;www.altovicentinoambiente.it;-;
023;033;023033;VR;VERONA NORD;Erbezzo;-;Via Saibe;Erbezzo;www.comune.erbezzo.vr.it;-;
023;083;023083;VR;VERONA NORD;Sona;-;Via S.Quirico - Sona;Sona;www.comune.sona.vr.it;-;
027;043;027043;VE;VENEZIA;Vigonovo;-;Via S.Pellico;Vigonovo;www.gruppoveritas.it;-;
024;026;024026;VI;BRENTA;Cassola;-;Via S.G. Bosco 24;Cassola;www.comune.cassola.vi.it;-;
026;046;026046;TV;DESTRA PIAVE;Montebelluna;-;Via S. Gaetano (S. Gaetano);Montebelluna;www.contarina.it;-;
028;019;028019;PD;BRENTA;Camposampiero;-;Via della Centuriazione;Camposampiero;www.etraspa.it;-;
028;050;028050;PD;BRENTA;Massanzago;-;Via della Centuriazione;Camposampiero;www.etraspa.it;-;
028;091;028091;PD;BRENTA;Tombolo;-;Via S. Antonio 46;Tombolo;www.etraspa.it;-;
026;011;026011;TV;DESTRA PIAVE;Castelcucco;-;Via S. Antonio;Castelcucco;www.contarina.it;-;
026;041;026041;TV;SINISTRA PIAVE;Meduna di Livenza;-;Via Runco Ovest;Meduna di Livenza;www.savnoservizi.it;-;
029;017;029017;RO;ROVIGO;Corbola;-;Via Rubini;Corbola;www.ecoambienterovigo.i;-;
027;021;027021;VE;VENEZIA;Martellago;-;Via Roviego;Maerne Di Martellago;www.gruppoveritas.it;-;
028;069;028069;PD;PADOVA CENTRO;Ponte San Nicolo';-;Via Rossa;Ponte San Nicolo';www.gruppo.acegas-aps.it;-;
026;043;026043;TV;VENEZIA;Mogliano Veneto;-;Via Ronzinella;Mogliano Veneto;www.contarina.it;-;
024;087;024087;VI;BRENTA;Rosa';-;Via Roncalli;Rosa';www.comune.rosa.vi.it;-;
028;002;028002;PD;PADOVA SUD;Agna;-;Via Roma 28;Agna;www.bacinopd3.it;-;
028;103;028103;PD;BRENTA;Villafranca Padovana;-;Via Roma 160;Villafranca Padovana;www.etraspa.it;-;
026;002;026002;TV;DESTRA PIAVE;Arcade;-;Via Roma 151;Arcade;www.contarina.it;-;
024;100;024100;VI;VICENZA;Schio;-;Via Roma (Localita' Magre');Schio;www.altovicentinoambiente.it;-;
026;028;026028;TV;SINISTRA PIAVE;Fontanelle;-;Via Roma;Fontanelle;www.savnoservizi.it;-;
026;071;026071;TV;DESTRA PIAVE;San Biagio di Callalta;-;Via De Gasperi - Loc. Spercenigo;San Biagio di Callalta;www.contarina.it;-;
024;001;024001;VI;VICENZA;Agugliaro;-;Via Roma;Agugliaro;www.comune.agugliaro.vi.it;-;
023;077;023077;VR;VERONA NORD;Sant'Ambrogio di Valpolicella;-;Via Roma;Sant'Ambrogio di Valpolicella;www.consorziovr2.it;-;
026;039;026039;TV;DESTRA PIAVE;Maser;-;Via Roccoler;Maser;www.contarina.it;-;
023;072;023072;VR;VERONA SUD;Sanguinetto;-;Via Germania;Sanguinetto;www.comune.sanguinetto.vr.it;-;
024;065;024065;VI;VICENZA;Montegaldella;-;Via Rialto;Montegaldella;www.soraris.it;-;
024;047;024047;VI;VICENZA;Grumolo delle Abbadesse;-;Via Palu';Grumolo delle Abbadesse;www.comune.grumolodelleabbadesse.vi.it;-;
024;072;024072;VI;VICENZA;Nogarole Vicentino;-;Via Restena;Nogarole Vicentino;www.agnochiampoambiente.it;-;
025;030;025030;BL;BELLUNO;Livinallongo del Col di Lana;-;Via Renaz;Livinallongo del Col di Lana;www.agordino.bl.it/web/cma;-;
026;048;026048;TV;SINISTRA PIAVE;Moriago della Battaglia;-;Via Raboso - Mosnigo;Moriago della Battaglia;www.savnoservizi.it;-;
025;048;025048;BL;BELLUNO;Santa Giustina;-;Via Puliere 35;Santa Giustina;www.feltrino.bl.it/;-;
023;035;023035;VR;VERONA NORD;Fumane;-;Via Progni; S.N.;Fumane;www.comunedifumane.it;-;
023;043;023043;VR;VERONA NORD;Lazise;-;Via Prati 46;Lazise;www.comune.lazise.vr.it;-;
028;045;028045;PD;BRENTA;Limena;-;Via Praimbole;Limena;www.etraspa.it;-;
027;020;027020;VE;VENEZIA;Marcon;-;Via Praello;Marcon;www.gruppoveritas.it;-;
025;011;025011;BL;BELLUNO;Cesiomaggiore;-;Via Pradenich;Cesiomaggiore;www.feltrino.bl.it/;-;
023;066;023066;VR;VERONA SUD;Roveredo di Gua';-;Via Possesione;Roveredo di Gua';www.comune.sanbonifacio.vr.it;-;
027;042;027042;VE;VENEZIA;Venezia;-;Via Porto Di Cavergnago 99 - Mestre;Venezia;www.gruppoveritas.it;-;
024;031;024031;VI;BRENTA;Cismon del Grappa;-;Via Porteghetti;Cismon del Grappa;www.cismon.it;-;
028;060;028060;PD;PADOVA CENTRO;Padova;-;Via Corrado; 1;Padova;www.gruppo.acegas-aps.it;-;
028;060;028060;PD;PADOVA CENTRO;Padova;-;Via Pontedera;Padova;www.gruppo.acegas-aps.it;-;
024;051;024051;VI;VICENZA;Longare;-;Via Ponte Di Costozza;Longare;www.comune.longare.vi.it;-;
028;077;028077;PD;BRENTA;San Martino di Lupari;-;Via Monte Piana;San Martino di Lupari;www.etraspa.it;-;
027;044;027044;VE;VENEZIA;Cavallino-Treporti;-;Via Poerio;Cavallino-Treporti;www.gruppoveritas.it;-;
027;028;027028;VE;VENEZIA;Pianiga;-;Via Po' Mellaredo ;Pianiga;www.gruppoveritas.it;-;
024;038;024038;VI;VICENZA;Dueville;-;Via Po;Dueville;www.comune.dueville.vi.it;-;
023;001;023001;VR;VERONA NORD;Affi;-;Via Pitagora 1;Affi;www.comune.affi.vr.it;-;
027;032;027032;VE;VENEZIA;Salzano;-;Via Piovega;Salzano;www.gruppoveritas.it;-;
028;017;028017;PD;BRENTA;Campodarsego;-;Via Galvani;Campodarsego;www.etraspa.it;-;
028;099;028099;PD;BRENTA;Vigodarzere;-;Via Galvani;Campodarsego;www.etraspa.it;-;
028;016;028016;PD;BRENTA;Cadoneghe;-;Via Pioga;Campodarsego;www.etraspa.it;-;
024;005;024005;VI;VICENZA;Altissimo;-;Via Pini;Altissimo;www.agnochiampoambiente.it;-;
023;044;023044;VR;VERONA SUD;Legnago;-;Via Piccinato; Loc. Ca' Mula - Porto di Legnago;Legnago;www.sivevr.it;-;
024;045;024045;VI;VICENZA;Grancona;-;Via Piave;San Germano dei Berici;www.utilya.it;-;
024;092;024092;VI;VICENZA;San Germano dei Berici;-;Via Piave;San Germano dei Berici;www.utilya.it;-;
028;054;028054;PD;BRENTA;Mestrino;-;Via Petrarca;Mestrino;www.etraspa.it;-;
026;050;026050;TV;DESTRA PIAVE;Nervesa della Battaglia;-;Via Perosin;Nervesa della Battaglia;www.contarina.it;-;
023;046;023046;VR;VERONA NORD;Marano di Valpolicella;-;Via Paverno;Marano di Valpolicella;www.comunemaranovalpolicella.vr.it;-;
027;038;027038;VE;VENEZIA;Spinea;-;Via Pascoli;Spinea;www.gruppoveritas.it;-;
027;034;027034;VE;VENEZIA;San Michele al Tagliamento;-;Via Parenzo - Bibione;San Michele al Tagliamento;www.asvo.it;-;
026;040;026040;TV;DESTRA PIAVE;Maserada sul Piave;-;Via Papadopoli;Maserada sul Piave;www.contarina.it;-;
023;018;023018;VR;VERONA NORD;Caprino Veronese;-;Via Papa Giovanni XXIII;Caprino Veronese;www.consorziovr2.it;-;
026;090;026090;TV;SINISTRA PIAVE;Vidor;-;Via Albertini Govone - Z.I. Bosco;Vidor;www.savnoservizi.it;-;
024;047;024047;VI;VICENZA;Grumolo delle Abbadesse;-;Via Palu';Grumolo delle Abbadesse;www.comune.grumolodelleabbadesse.vi.it;-;
023;037;023037;VR;VERONA SUD;Gazzo Veronese;-;Via Padova Loc. Maccacari;Gazzo Veronese;www.comune.gazzo.vr.it;-;
023;089;023089;VR;VERONA NORD;Valeggio sul Mincio;-;Via Pacinotti;Valeggio sul Mincio;www.comune.valeggiosulmincio.vr.it;-;
023;075;023075;VR;VERONA SUD;San Pietro di Morubio;-;Via Orti;San Pietro di Morubio;www.comune.sanpietrodimorubio.vr.it;-;
024;099;024099;VI;BRENTA;Schiavon;-;Via Olmi;Schiavon;www.comune.schiavon.vi.it;-;
024;008;024008;VI;VICENZA;Arzignano;-;Via Olimpica;Arzignano;www.agnochiampoambiente.it;-;
023;044;023044;VR;VERONA SUD;Legnago;-;Via Olimpia - Zona Stadio - Casette di Legnago;Legnago;www.sivevr.it;-;
027;007;027007;VE;VENEZIA;Ceggia;-;Via Noghera;Ceggia;www.comune.ceggia.ve.it;-;
025;022;025022;BL;BELLUNO;Fonzaso;-;Via Nogare';Fonzaso;www.feltrino.bl.it/;-;
024;073;024073;VI;BRENTA;Nove;-;Via Nodari 4;Nove;www.comune.nove.vi.it;-;
023;062;023062;VR;VERONA NORD;Rivoli Veronese;-;Via Mulini - Loc. Cason;Rivoli Veronese;www.consorziovr2.it;-;
028;046;028046;PD;BRENTA;Loreggia;-;Via Morosini;Loreggia;www.etraspa.it;-;
023;058;023058;VR;VERONA NORD;Pescantina;-;Via Monti Lessini;Pescantina;www.consorziovr2.it;-;
026;085;026085;TV;DESTRA PIAVE;Trevignano;-;Via Monte Bianco;Trevignano;www.contarina.it;-;
026;088;026088;TV;SINISTRA PIAVE;Vazzola;-;Via Serenissima;Vazzola;www.savnoservizi.it;-;
023;024;023024;VR;VERONA NORD;Cazzano di Tramigna;-;Via Molini;Cazzano di Tramigna;www.comune.cazzanoditramigna.vr.it;-;
026;047;026047;TV;DESTRA PIAVE;Morgano;-;Via Molin Cappello Sud;Morgano;www.contarina.it;-;
026;095;026095;TV;DESTRA PIAVE;Zero Branco;-;Via Milan;Zero Branco;www.contarina.it;-;
023;073;023073;VR;VERONA NORD;San Martino Buon Albergo;-;Via Meucci;San Martino Buon Albergo;www.consorziovr2.it;-;
027;026;027026;VE;VENEZIA;Noale;-;Via Mestrina;Noale;www.gruppoveritas.it;-;
024;004;024004;VI;VICENZA;Altavilla Vicentina;-;Via Mazzini 21/B;Altavilla Vicentina;www.comune.altavillavicentina.vi.it;-;
028;078;028078;PD;BRENTA;San Pietro in Gu;-;Via Mazzini ;San Pietro in Gu;www.etraspa.it;-;
028;084;028084;PD;PADOVA SUD;Sant'Urbano;-;Via Matteotti 2;Arzergrande;www.bacinopd3.it;x;
028;097;028097;PD;PADOVA SUD;Vescovana;-;Via Matteotti 2;Arzergrande;www.bacinopd3.it;-;
028;007;028007;PD;PADOVA SUD;Arzergrande;-;Via Matteotti 2;Arzergrande;www.bacinopd3.it;-;
028;044;028044;PD;PADOVA SUD;Legnaro;-;Via Matteotti 2;Arzergrande;www.bacinopd3.it;x;
026;064;026064;TV;DESTRA PIAVE;Quinto di Treviso;-;Via Mattei;Quinto di Treviso;www.contarina.it;-;
024;122;024122;VI;VICENZA;Zugliano;-;Via Maso;Zugliano;www.altovicentinoambiente.it;-;
023;022;023022;VR;VERONA NORD;Castelnuovo del Garda;-;Via Marx - Capoluogo;Castelnuovo del Garda;www.comune.castelnuovodelgarda.vr.it;-;
027;022;027022;VE;VENEZIA;Meolo;-;Via Marteggia 1;Meolo;www.gruppoveritas.it;-;
027;037;027037;VE;VENEZIA;Scorze';-;Via Marmolada 1;Scorze';www.gruppoveritas.it;-;
026;077;026077;TV;DESTRA PIAVE;San Zenone degli Ezzelini;-;Via Marini;San Zenone degli Ezzelini;www.contarina.it;-;
027;031;027031;VE;VENEZIA;Quarto d'Altino;-;Via Marconi�;Quarto d'Altino;www.gruppoveritas.it;-;
026;067;026067;TV;SINISTRA PIAVE;Revine Lago;-;Via Marconi - Z.I. Lago;Revine Lago;www.comune.revine-lago.tv.it;-;
026;084;026084;TV;SINISTRA PIAVE;Tarzo;-;Via Marconi - Z.I. Lago;Revine Lago;www.comune.revine-lago.tv.it;-;
023;022;023022;VR;VERONA NORD;Castelnuovo del Garda;-;Via Mantovana - Cavalcaselle;Castelnuovo del Garda;www.comune.castelnuovodelgarda.vr.it;-;
028;093;028093;PD;BRENTA;Trebaseleghe;-;Via Manetti 24;Trebaseleghe;www.etraspa.it;-;
027;042;027042;VE;VENEZIA;Venezia;-;Via Malamocco 18 - Loc. Terre Perse Lido;Venezia;www.gruppoveritas.it;-;
026;075;026075;TV;SINISTRA PIAVE;Santa Lucia di Piave;-;Via Majorana;Santa Lucia di Piave;www.savnoservizi.it;-;
029;045;029045;RO;ROVIGO;Stienta;-;Via Maffei  725;Stienta;www.ecoambienterovigo.i;-;
027;033;027033;VE;VENEZIA;San Dona' di Piave;-;Via Maestri Del Lavoro 1;San Dona' di Piave;www.gruppoveritas.it;-;
027;008;027008;VE;VENEZIA;Chioggia;-;Via Maestri del Lavoro - Loc. Sacca Casale;Chioggia;www.gruppoveritas.it;-;
029;002;029002;RO;ROVIGO;Ariano nel Polesine;Area mercato;-;-;www.ecoambienterovigo.i;-;
029;046;029046;RO;ROVIGO;Taglio di Po;-;Via Maestri Del Lavoro;Taglio di Po;www.ecoambienterovigo.i;-;
023;096;023096;VR;VERONA NORD;Villafranca di Verona;-;Via Maddalena;Villafranca di Verona;www.comune.villafranca.vr.it;-;
024;119;024119;VI;VICENZA;Zane';-;Via M. Summano;Zane';www.altovicentinoambiente.it;-;
024;036;024036;VI;VICENZA;Creazzo;-;Via M. Pasubio;Creazzo;www.agnochiampoambiente.it;-;
023;080;023080;VR;VERONA NORD;Selva di Progno;-;Via Longhini ;Selva di Progno;www.comuneselvadiprogno.it;-;
025;061;025061;BL;BELLUNO;Trichiana;-;Via Longhere;Trichiana;www.provincia.belluno.it/;-;
028;055;028055;PD;PADOVA SUD;Monselice;-;Via Lombardia 22;Monselice;www.bacinopd3.it;-;
024;105;024105;VI;VICENZA;Thiene;-;Via Liguria;Thiene;www.altovicentinoambiente.it;-;
026;005;026005;TV;DESTRA PIAVE;Breda di Piave;-;Via Levada;Breda di Piave;www.contarina.it;-;
024;018;024018;VI;VICENZA;Caldogno;-;Via Leopardi;Caldogno;www.comune.caldogno.vi.it;-;
024;035;024035;VI;VICENZA;Costabissara;-;Via Leonardo Da Vinci;Costabissara;www.comune.costabissara.vi.it;-;
024;120;024120;VI;VICENZA;Zermeghedo;-;Via Leonardo Da Vinci;Zermeghedo;www.agnochiampoambiente.it;-;
024;093;024093;VI;BRENTA;San Nazario;-;Via Lanari 41;San Nazario;www.comune.sannazario.vi.it;-;
024;098;024098;VI;VICENZA;Sarego;-;Via Lago di Como (Ex via Pompele) ;Sarego;www.utilya.it;-;
027;019;027019;VE;VENEZIA;Iesolo;-;Via La Bassa Nuova 3;Iesolo;www.comune.jesolo.ve.it;-;
028;020;028020;PD;BRENTA;Campo San Martino;-;Via L. Einaudi 2-3;Curtarolo;www.etraspa.it;-;
028;036;028036;PD;BRENTA;Curtarolo;-;Via L. Einaudi 2-3;Curtarolo;www.etraspa.it;-;
024;104;024104;VI;BRENTA;Tezze sul Brenta;-;Via L. Einaudi ;Tezze Sul Brenta;www.etraspa.it;-;
029;025;029025;RO;ROVIGO;Gaiba;Area mercato;-;-;www.ecoambienterovigo.i;-;
029;032;029032;RO;ROVIGO;Melara;Area mercato;-;-;www.ecoambienterovigo.i;-;
023;029;023029;VR;VERONA SUD;Concamarise;-;centro di raccolta non presente;-;www.comune.concamarise.vr.it;-;
026;082;026082;TV;DESTRA PIAVE;Spresiano;-;Via Indipendenza;Spresiano;www.contarina.it;-;
023;051;023051;VR;VERONA NORD;Mozzecane;-;Via I� Maggio - Area Artigianale Fontanone Capoluogo Comunale;Mozzecane;www.comunemozzecane.it;-;
026;070;026070;TV;SINISTRA PIAVE;Salgareda;-;Via Guizza;Salgareda;www.savnoservizi.it;-;
023;082;023082;VR;VERONA NORD;Sommacampagna;-;Via Gorgo - Custoza Di Sommacampagna;Sommacampagna;www.comune.sommacampagna.vr.it;-;
026;024;026024;TV;DESTRA PIAVE;Crespano del Grappa;-;Via Giare;Crespano del Grappa;www.contarina.it;-;
023;017;023017;VR;VERONA NORD;Caldiero;-;Via Giare;Caldiero;www.consorziovr2.it;-;
024;087;024087;VI;BRENTA;Rosa';-;Via Ghandi;Rosa';www.comune.rosa.vi.it;-;
024;111;024111;VI;VICENZA;Valdagno;-;Via Gasdotto 59;Valdagno;www.agnochiampoambiente.it;-;
026;017;026017;TV;SINISTRA PIAVE;Cimadolmo;-;Via Cal Storta;San Polo di Piave;www.savnoservizi.it;-;
026;074;026074;TV;SINISTRA PIAVE;San Polo di Piave;-;Via Cal Storta;San Polo di Piave;www.savnoservizi.it;-;
024;091;024091;VI;VICENZA;Sandrigo;-;Via Galvani 32;Sandrigo;www.comune.sandrigo.vi.it;-;
027;011;027011;VE;VENEZIA;Concordia Sagittaria;-;Via Gabriela;Concordia Sagittaria;www.asvo.it;-;
024;017;024017;VI;VICENZA;Brogliano;-;Via G. Tomba;Brogliano;www.agnochiampoambiente.it;-;
026;015;026015;TV;SINISTRA PIAVE;Cessalto;-;Via G. Pascoli;Cessalto;www.savnoservizi.it;-;
029;028;029028;RO;ROVIGO;Guarda Veneta;Polesella;-;-;www.ecoambienterovigo.i;-;
024;090;024090;VI;VICENZA;Salcedo;-;Via G. Garibaldi;Salcedo;www.altovicentinoambiente.it;-;
024;013;024013;VI;VICENZA;Bolzano Vicentino;-;Via Fusinieri;Bolzano Vicentino;www.comune.bolzanovicentino.vi.it;-;
023;093;023093;VR;VERONA NORD;Vestenanova;-;Via Fratta;Vestenanova;www.comune.vestenanova.vr.it;-;
028;100;028100;PD;BRENTA;Vigonza;-;Via Arrigoni;Vigonza;www.etraspa.it;-;
023;052;023052;VR;VERONA NORD;Negrar;-;Via Francia;Negrar;www.comunenegrar.it;-;
028;021;028021;PD;PADOVA SUD;Candiana;-;Via Fossaragna 2;Candiana;www.bacinopd3.it;-;
024;116;024116;VI;VICENZA;Vicenza;-;Via Fornaci 5;Vicenza;www.aimvicenza.it;-;
023;064;023064;VR;VERONA SUD;Ronco all'Adige;-;Via Fontanelle - Zai;Ronco all'Adige;www.comune.roncoalladige.vr.it;-;
024;069;024069;VI;VICENZA;Mossano;-;Via Fontanella;Mossano;www.comune.mossano.vi.it;-;
024;024;024024;VI;VICENZA;Carre';-;Via Fondovilla;Schio;www.altovicentinoambiente.it;-;
024;022;024022;VI;VICENZA;Campiglia dei Berici;-;Via Fogazzaro;Campiglia Dei Berici;www.campiglia.it;-;
029;040;029040;RO;ROVIGO;Rosolina;-;Via Foci dell'Adige - Loc.Ca' Lino presso imp. di depurazione;Rosolina;www.ecoambienterovigo.i;-;
028;065;028065;PD;PADOVA SUD;Piove di Sacco;-;Via Fiumicello;Piove Di Sacco;www.bacinopd3.it;-;
023;055;023055;VR;VERONA SUD;Oppeano;-;Via Finiletto;Oppeano;www.comune.oppeano.vr.it;-;
027;035;027035;VE;VENEZIA;Santa Maria di Sala;-;Via Ferraris;Santa Maria Di Sala;www.gruppoveritas.it;-;
025;036;025036;BL;BELLUNO;Pedavena;-;Via Fermi 10;Pedavena;www.feltrino.bl.it/;-;
026;046;026046;TV;DESTRA PIAVE;Montebelluna;-;Via Feltrina Sud (Pilastroni);Montebelluna;www.contarina.it;-;
026;091;026091;TV;DESTRA PIAVE;Villorba;-;Via F.lli Cervi;Villorba;www.contarina.it;-;
023;020;023020;VR;VERONA SUD;Castagnaro;-;Via Europa (Frazione di Mena');Castagnaro;www.comunedicastagnaro.it;-;
028;039;028039;PD;BRENTA;Galliera Veneta;-;Via Enrico Mattei 47;Galliera Veneta;www.etraspa.it;-;
028;014;028014;PD;PADOVA SUD;Bovolenta;-;Via Egidio Berto;Bovolenta;www.bacinopd3.it;-;
028;066;028066;PD;PADOVA SUD;Polverara;-;Via Egidio Berto;Bovolenta;www.bacinopd3.it;-;
028;090;028090;PD;PADOVA SUD;Terrassa Padovana;-;Via Egidio Berto;Bovolenta;www.bacinopd3.it;-;
025;055;025055;BL;BELLUNO;Seren del Grappa;-;Rasai Campo sportivo;Seren Del Grappa;www.feltrino.bl.it/;-;
024;055;024055;VI;VICENZA;Malo;-;Via E. Fermi (Z.I.);Malo;www.altovicentinoambiente.it;-;
026;003;026003;TV;DESTRA PIAVE;Asolo;-;Via E. Fermi;Asolo;www.contarina.it;-;
023;019;023019;VR;VERONA SUD;Casaleone;-;Via Don Sturzo;Casaleone;www.comune.casaleone.vr.it;-;
023;096;023096;VR;VERONA NORD;Villafranca di Verona;-;Via Don Mazza;Villafranca di Verona;www.comune.villafranca.vr.it;-;
026;068;026068;TV;DESTRA PIAVE;Riese Pio X;-;Via E. Minato;Riese Pio X;www.contarina.it;-;
023;069;023069;VR;VERONA NORD;San Bonifacio;-;Via Don Eugenio Guiotto S.N. Fraz. Locara;San Bonifacio;www.comune.sanbonifacio.vr.it;-;
023;039;023039;VR;VERONA NORD;Illasi;-;Via Domegiano;Illasi;www.consorziovr2.it;-;
027;016;027016;VE;VENEZIA;Fossalta di Portogruaro;-;Via dell'industrie;Fossalta di Portogruaro;www.asvo.it;-;
028;106;028106;PD;PADOVA SUD;Due Carrare;-;Via Dell'industria 2/B - Loc. Cornegliana;Due Carrare;www.bacinopd3.it;-;
028;048;028048;PD;PADOVA SUD;Masera' di Padova;-;Via Dell'industria 2/B;Due Carrare;www.bacinopd3.it;-;
028;041;028041;PD;BRENTA;Gazzo;-;Via dell'Industria;Villalta di Gazzo;www.etraspa.it;-;
028;015;028015;PD;PADOVA SUD;Brugine;-;via dell'Industria;Brugine;www.bacinopd3.it;x;
026;012;026012;TV;DESTRA PIAVE;Castelfranco Veneto;-;Via dell'Impresa - Loc. Salvarosa;Castelfranco Veneto;www.contarina.it;-;
026;031;026031;TV;SINISTRA PIAVE;Gaiarine;-;Via delle Industrie;Gaiarine;www.savnoservizi.it;-;
026;012;026012;TV;DESTRA PIAVE;Castelfranco Veneto;-;Via Montebelluna - Loc. Sant'andrea;Castelfranco Veneto;www.contarina.it;-;
026;029;026029;TV;DESTRA PIAVE;Fonte;-;Via Delle Industrie - One';Fonte;www.contarina.it;-;
027;040;027040;VE;VENEZIA;Teglio Veneto;-;Via delle Industrie;Fossalta di Portogruaro;www.asvo.it;-;
027;013;027013;VE;VENEZIA;Eraclea;-;Via delle Industrie;Eraclea;www.comuneeraclea.it;-;
026;036;026036;TV;DESTRA PIAVE;Loria;-;Via Delle Fosse;Loria;www.contarina.it;-;
027;006;027006;VE;VENEZIA;Cavarzere;-;Via dell'Artigianato 21;Cavarzere;www.comune.cavarzere.ve.it;-;
028;087;028087;PD;PADOVA SUD;Solesino;-;Via dell'artigianato 13;Solesino;www.bacinopd3.it;-;
024;007;024007;VI;VICENZA;Arsiero;-;Via dell'Artigianato 11;Velo d'Astico ;www.altovicentinoambiente.it;-;
024;115;024115;VI;VICENZA;Velo d'Astico;-;Via dell'Artigianato 11;Velo d'Astico ;www.altovicentinoambiente.it;-;
024;107;024107;VI;VICENZA;Torrebelvicino;-;Via dell'artigianato - Loc. Ligonto;Torrebelvicino;www.altovicentinoambiente.it;-;
026;058;026058;TV;SINISTRA PIAVE;Ponte di Piave;-;Via dell'Artigianato;Ponte di Piave;www.savnoservizi.it;-;
026;094;026094;TV;DESTRA PIAVE;Zenson di Piave;-;Via dell'Artigianato;Zenson di Piave;www.contarina.it;-;
026;013;026013;TV;DESTRA PIAVE;Castello di Godego;-;Via dell'Artigianato;Castello di Godego;www.contarina.it;-;
027;015;027015;VE;VENEZIA;Fossalta di Piave;-;Via dell'Artigianato;Musile di Piave;www.comune.musile.ve.it;x;
027;025;027025;VE;VENEZIA;Musile di Piave;-;Via dell'Artigianato;Musile di Piave;www.comune.musile.ve.it;-;
027;027;027027;VE;VENEZIA;Noventa di Piave;-;Via dell'Artigianato;Musile di Piave;www.comune.musile.ve.it;x;
024;010;024010;VI;VICENZA;Asigliano Veneto;-;Via dell'Artigianato;Asigliano Veneto;www.utilya.it;-;
024;097;024097;VI;VICENZA;Sarcedo;-;Via Dell'artigianato;Sarcedo;www.altovicentinoambiente.it;-;
023;041;023041;VR;VERONA SUD;Isola Rizza;-;Via Dell'artigianato;Isola Rizza;www.comune.isolarizza.vr.it;-;
024;110;024110;VI;VICENZA;Trissino;-;Via Della Stampa;Trissino;www.agnochiampoambiente.it;-;
024;052;024052;VI;VICENZA;Lonigo;-;Via Della Scienza;Lonigo;www.utilya.it;-;
026;009;026009;TV;DESTRA PIAVE;Casale sul Sile;-;Via Della Ricerca;Casale sul Sile;www.contarina.it;-;
028;038;028038;PD;BRENTA;Fontaniva;-;Via della Repubblica;Fontaniva;www.etraspa.it;-;
023;088;023088;VR;VERONA SUD;Trevenzuolo;-;Via della Fornace;Trevenzuolo;www.comune.trevenzuolo.vr.it;-;
024;014;024014;VI;VICENZA;Breganze;-;Via della Filanda 5/7;Breganze;www.altovicentinoambiente.it;-;
023;012;023012;VR;VERONA SUD;Bovolone;-;Via della Cooperazione - Zona ZAI;Bovolone;www.bovoloneattiva.it;-;
023;083;023083;VR;VERONA NORD;Sona;-;Via Della Concordia - Lugagnano;Sona;www.comune.sona.vr.it;-;
024;028;024028;VI;VICENZA;Castelgomberto;-;Via Del Velodromo;Castelgomberto;www.agnochiampoambiente.it;-;
028;032;028032;PD;BRENTA;Cittadella;-;Via Del Telarolo;Cittadella;www.etraspa.it;-;
028;057;028057;PD;BRENTA;Montegrotto Terme;-;Via del Santo;Montegrotto Terme;www.etraspa.it;-;
024;058;024058;VI;BRENTA;Mason Vicentino;-;Via Del Progresso ;Molvena;www.comune.molvena.vi.it;-;
024;059;024059;VI;BRENTA;Molvena;-;Via Del Progresso;Molvena;www.comune.molvena.vi.it;-;
024;077;024077;VI;BRENTA;Pianezze;-;Via Del Progresso;Molvena;www.etraspa.it;-;
026;022;026022;TV;SINISTRA PIAVE;Cordignano;-;Via del Lavoro;Cordignano;www.savnoservizi.it;-;
024;011;024011;VI;VICENZA;Barbarano Vicentino;-;Via del Lavoro;Barbarano Vicentino;www.comune.barbarano-vicentino.vi.it;-;
024;095;024095;VI;VICENZA;Santorso;-;Via Del Grumo;Santorso;www.comune.santorso.vi.it;-;
024;075;024075;VI;VICENZA;Orgiano;-;Via Del Crearo;Orgiano;www.comune.orgiano.vi.it;-;
023;096;023096;VR;VERONA NORD;Villafranca di Verona;-;Via Del Capitel;Villafranca di Verona;www.comune.villafranca.vr.it;-;
025;006;025006;BL;BELLUNO;Belluno;-;Via Del Boscon - Loc.Cordele;Belluno;www.multibel.it;-;
026;059;026059;TV;DESTRA PIAVE;Ponzano Veneto;-;Via Del Bellato;Ponzano Veneto;www.contarina.it;-;
024;012;024012;VI;BRENTA;Bassano del Grappa;-;Via dei Tulipani 34;Bassano del Grappa;www.etraspa.it;-;
024;025;024025;VI;BRENTA;Cartigliano;-;Via Dei Tulipani 34;Bassano del Grappa;www.etraspa.it;-;
023;035;023035;VR;VERONA NORD;Fumane;-;Via dei Prati; S.N.;Fumane;www.comunedifumane.it;-;
027;009;027009;VE;VENEZIA;Cinto Caomaggiore;-;Via Dei Prati;Cinto Caomaggiore;www.asvo.it;-;
024;087;024087;VI;BRENTA;Rosa';-;Via Dei Prati;Rosa';www.comune.rosa.vi.it;-;
028;064;028064;PD;BRENTA;Piombino Dese;-;Via dei Cipressi;Piombino Dese;www.etraspa.it;-;
026;053;026053;TV;SINISTRA PIAVE;Orsago;-;Via Barbier;Orsago;www.savnoservizi.it;-;
028;037;028037;PD;PADOVA SUD;Este;-;Via Degli Artigiani;Este;www.bacinopd3.it;-;
026;025;026025;TV;DESTRA PIAVE;Crocetta del Montello;-;Via degli Artigiani;Crocetta del Montello;www.contarina.it;-;
024;104;024104;VI;BRENTA;Tezze sul Brenta;-;Via Degli Alpini ;Tezze Sul Brenta;www.etraspa.it;-;
025;002;025002;BL;BELLUNO;Alano di Piave;-;Via Degli Alpini;Alano di Piave;www.feltrino.bl.it/;-;
028;011;028011;PD;PADOVA SUD;Battaglia Terme;-;Via De Gasperi 7;Battaglia Terme;www.bacinopd3.it;-;
026;071;026071;TV;DESTRA PIAVE;San Biagio di Callalta;-;Via Roma;San Biagio di Callalta;www.contarina.it;-;
028;080;028080;PD;BRENTA;Santa Giustina in Colle;-;Via Dante - Loc. Tremarende;Santa Giustina in Colle;www.etraspa.it;-;
028;101;028101;PD;BRENTA;Villa del Conte;-;Via Dante - Loc. Tremarende;Santa Giustina in Colle;www.etraspa.it;-;
028;068;028068;PD;PADOVA SUD;Pontelongo;-;Via Dante;Pontelongo ;www.bacinopd3.it;-;
024;104;024104;VI;BRENTA;Tezze sul Brenta;-;Via D.A. Belluzzo;Tezze Sul Brenta;www.etraspa.it;-;
024;063;024063;VI;VICENZA;Monte di Malo;-;Via Crosaretta;Monte di Malo;www.altovicentinoambiente.it;-;
028;060;028060;PD;PADOVA CENTRO;Padova;-;Via Monta'; 32;Padova;www.gruppo.acegas-aps.it;-;
023;097;023097;VR;VERONA SUD;Zevio;-;Via Corone;Zevio;www.comune.zevio.vr.it;-;
026;061;026061;TV;DESTRA PIAVE;Possagno;-;Via Soffratta;Possagno;www.contarina.it;-;
024;019;024019;VI;VICENZA;Caltrano;-;Via Colombara;Cogollo del Cengio;www.altovicentinoambiente.it;-;
024;032;024032;VI;VICENZA;Cogollo del Cengio;-;Via Colombara;Cogollo del Cengio;www.altovicentinoambiente.it;-;
029;013;029013;RO;ROVIGO;Castelnovo Bariano;-;Via Colombano ;Castelnovo Bariano;www.ecoambienterovigo.i;-;
028;027;028027;PD;PADOVA SUD;Casale di Scodosia;-;Via Colmelli Gorna 11;Casale di Scodosia;www.bacinopd3.it;-;
028;029;028029;PD;PADOVA SUD;Castelbaldo;-;Via Colmelli Gorna 11;Casale di Scodosia;www.bacinopd3.it;-;
028;049;028049;PD;PADOVA SUD;Masi;-;Via Colmelli Gorna 11;Casale di Scodosia;www.bacinopd3.it;-;
028;053;028053;PD;PADOVA SUD;Merlara;-;Via Colmelli Gorna 11;Casale di Scodosia;www.bacinopd3.it;-;
028;095;028095;PD;PADOVA SUD;Urbana;-;Via Colmelli Gorna 11;Casale di Scodosia;www.bacinopd3.it;-;
028;026;028026;PD;PADOVA SUD;Cartura;-;Via Colmelli Gorna 11;Casale di Scodosia;www.bacinopd3.it;x;
024;074;024074;VI;VICENZA;Noventa Vicentina;-;Via Collegio Armeno ;Noventa Vicentina;www.comune.noventa-vicentina.vi.it;-;
028;056;028056;PD;PADOVA SUD;Montagnana;-;Via Circonvallazione 255;Montagnana;www.bacinopd3.it;-;
026;001;026001;TV;DESTRA PIAVE;Altivole;-;Via Cimitero - Caselle;Altivole;www.contarina.it;-;
023;071;023071;VR;VERONA SUD;San Giovanni Lupatoto;-;Via Cimitero;San Giovanni Lupatoto;www.sglmultiservizi.it;-;
024;087;024087;VI;BRENTA;Rosa';-;Via Cimabue;Rosa';www.comune.rosa.vi.it;-;
023;082;023082;VR;VERONA NORD;Sommacampagna;-;Via Cesarina 45 ;Sommacampagna;www.comune.sommacampagna.vr.it;-;
023;050;023050;VR;VERONA NORD;Monteforte d'Alpone;-;Via Cervia;Monteforte d'Alpone;www.comune.montefortedalpone.vr.it;-;
026;073;026073;TV;SINISTRA PIAVE;San Pietro di Feletto;-;Via Cervano - Bagnolo;San Pietro di Feletto;www.savnoservizi.it;-;
025;070;025070;BL;BELLUNO;Quero Vas;-;Via Cerese';Loc. Quero;www.feltrino.bl.it/;-;
026;081;026081;TV;DESTRA PIAVE;Silea;-;Via Cendon;Silea;www.contarina.it;-;
026;006;026006;TV;DESTRA PIAVE;Caerano di San Marco;-;Via Vittime del Vajont;Caerano di San Marco;www.contarina.it;-;
024;062;024062;VI;VICENZA;Montecchio Precalcino;-;Via Cavedagnona;Montecchio Precalcino;www.comune.montecchioprecalcino.vi.it;-;
023;083;023083;VR;VERONA NORD;Sona;-;Via Cavecchie - Palazzolo;Sona;www.comune.sona.vr.it;-;
024;050;024050;VI;VICENZA;Lastebasse;-;Via Cavallara;Valdastico;www.altovicentinoambiente.it;-;
024;076;024076;VI;VICENZA;Pedemonte;-;Via Cavallara;Valdastico;www.altovicentinoambiente.it;-;
024;112;024112;VI;VICENZA;Valdastico;-;Via Cavallara;Valdastico;www.altovicentinoambiente.it;-;
025;021;025021;BL;BELLUNO;Feltre;-;Via Cavalieri di Vittorio Veneto;Feltre;www.feltrino.bl.it/;-;
026;027;026027;TV;SINISTRA PIAVE;Follina;-;Via Cava;Miane;www.savnoservizi.it;-;
026;042;026042;TV;SINISTRA PIAVE;Miane;-;Via Cava;Miane;www.savnoservizi.it;-;
027;037;027037;VE;VENEZIA;Scorze';-;Via Cav. di Vittorio Veneto;Scorze';www.gruppoveritas.it;-;
024;029;024029;VI;VICENZA;Chiampo;-;Via Castiglione;Chiampo;www.agnochiampoambiente.it;-;
023;042;023042;VR;VERONA NORD;Lavagno;-;Via Castello;Lavagno;www.consorziovr2.it;-;
023;098;023098;VR;VERONA SUD;Zimella;-;Via Castellaro - Frazione di Bonaldo;Zimella;www.zimella.com;-;
025;070;025070;BL;BELLUNO;Quero Vas;-;Via Case Sparse;Loc Vas;www.feltrino.bl.it/;-;
027;010;027010;VE;VENEZIA;Cona;-;Via Carducci S.N.;Cona;www.comune.cona.ve.it;-;
024;056;024056;VI;VICENZA;Marano Vicentino;-;Via Capitello Di Sopra;Marano Vicentino;www.altovicentinoambiente.it;-;
027;005;027005;VE;VENEZIA;Caorle;-;Via Canaletta;Santo Stino di Livenza;www.asvo.it;-;
027;036;027036;VE;VENEZIA;Santo Stino di Livenza;-;Via Canaletta;Santo Stino di Livenza;www.asvo.it;-;
024;003;024003;VI;VICENZA;Alonte;-;Via Campolongo;Alonte;www.utilya.it;-;
026;045;026045;TV;DESTRA PIAVE;Monfumo;-;Via Campiel;Monfumo;www.contarina.it;-;
024;015;024015;VI;VICENZA;Brendola;-;Via Callesella 89;Montecchio Maggiore;www.agnochiampoambiente.it;-;
024;061;024061;VI;VICENZA;Montecchio Maggiore;-;Via Callesella 89;Montecchio Maggiore;www.agnochiampoambiente.it;-;
026;046;026046;TV;DESTRA PIAVE;Montebelluna;-;Via Callarga (Contea);Montebelluna;www.contarina.it;-;
027;001;027001;VE;VENEZIA;Annone Veneto;-;Via Callalta;Pramaggiore;www.asvo.it;-;
027;030;027030;VE;VENEZIA;Pramaggiore;-;Via Callalta;Pramaggiore;www.asvo.it;-;
024;081;024081;VI;BRENTA;Pove del Grappa;-;via Romanelle;Pove del Grappa;www.etraspa.it;-;
026;056;026056;TV;DESTRA PIAVE;Pederobba;-;Via Cal Munera (Onigo);Pederobba;www.contarina.it;-;
026;092;026092;TV;SINISTRA PIAVE;Vittorio Veneto;-;Via Cal Larga - S. Giacomo di Veglia;Vittorio Veneto;www.savnoservizi.it;-;
026;026;026026;TV;SINISTRA PIAVE;Farra di Soligo;-;Via Cal della Madonna;Farra di Soligo;www.savnoservizi.it;-;
026;051;026051;TV;SINISTRA PIAVE;Oderzo;-;Via Cal dea Piera;Oderzo;www.savnoservizi.it;-;
026;057;026057;TV;SINISTRA PIAVE;Pieve di Soligo;-;Via Cal Bruna;Pieve di Soligo;www.savnoservizi.it;-;
023;015;023015;VR;VERONA NORD;Bussolengo;-;Via Caduti del Lavoro;Bussolengo;www.consorziovr2.it;-;
026;076;026076;TV;SINISTRA PIAVE;San Vendemiano;-;Via Padania - Z.I. Saccon;San Vendemiano;www.savnoservizi.it;-;
026;066;026066;TV;DESTRA PIAVE;Resana;-;Via Ca' Zane;Resana;www.contarina.it;-;
024;027;024027;VI;VICENZA;Castegnero;-;centro di raccolta non presente;-;www.comune.castegnero.vi.it;-;
024;071;024071;VI;VICENZA;Nanto;-;Via Ca' Silvestre;Nanto;www.comune.nanto.vi.it;-;
029;024;029024;RO;ROVIGO;Fratta Polesine;Area mercato;-;-;www.ecoambienterovigo.i;-;
029;029;029029;RO;ROVIGO;Lendinara;-;Via Ca' Morosini;Lendinara;www.ecoambienterovigo.i;-;
029;031;029031;RO;ROVIGO;Lusia;Area mercato;-;-;www.ecoambienterovigo.i;-;
029;043;029043;RO;ROVIGO;San Bellino;Area mercato;-;-;www.ecoambienterovigo.i;-;
029;050;029050;RO;ROVIGO;Villanova del Ghebbo;Area mercato;-;-;www.ecoambienterovigo.i;-;
029;004;029004;RO;ROVIGO;Badia Polesine;-;Via Ca' Mignola Vecchia ;Badia Polesine;www.ecoambienterovigo.i;-;
029;005;029005;RO;ROVIGO;Bagnolo di Po;Area mercato;-;-;www.ecoambienterovigo.i;-;
029;008;029008;RO;ROVIGO;Calto;Area mercato;-;-;www.ecoambienterovigo.i;-;
029;010;029010;RO;ROVIGO;Canda;Area mercato;-;-;www.ecoambienterovigo.i;-;
029;011;029011;RO;ROVIGO;Castelguglielmo;Area mercato;-;-;www.ecoambienterovigo.i;-;
029;014;029014;RO;ROVIGO;Ceneselli;Area mercato;-;-;www.ecoambienterovigo.i;-;
029;027;029027;RO;ROVIGO;Giacciano con Baruchella;Area mercato;-;-;www.ecoambienterovigo.i;-;
029;042;029042;RO;ROVIGO;Salara;Area mercato;-;-;www.ecoambienterovigo.i;-;
029;047;029047;RO;ROVIGO;Trecenta;Area mercato;-;-;www.ecoambienterovigo.i;-;
024;021;024021;VI;VICENZA;Camisano Vicentino;-;Via Ca' Marzare N. 20;Camisano Vicentino;www.comune.camisanovicentino.vi.it;-;
024;087;024087;VI;BRENTA;Rosa';-;Via Ca' Diedo;Rosa';www.comune.rosa.vi.it;-;
026;021;026021;TV;SINISTRA PIAVE;Conegliano;-;Via Ca' di Villa;Conegliano;www.savnoservizi.it;-;
023;081;023081;VR;VERONA NORD;Soave;-;Via Ca' Del Bosco;Soave;www.comunesoave.it;-;
029;030;029030;RO;ROVIGO;Loreo;Area mercato;-;-;www.ecoambienterovigo.i;-;
029;052;029052;RO;ROVIGO;Porto Viro;-;Via Ca' Contarini;Porto Viro;www.ecoambienterovigo.i;-;
025;053;025053;BL;BELLUNO;Sedico;-;Via Buzzatti 16/B Loc. Maieran;Sedico;www.provincia.belluno.it/;-;
023;074;023074;VR;VERONA NORD;San Mauro di Saline;-;Via Brusamonte ;San Mauro di Saline;www.comune.sanmaurodisaline.vr.it;-;
025;028;025028;BL;BELLUNO;Lentiai;-;Via Brusaferro;Lentiai;www.provincia.belluno.it/;-;
024;026;024026;VI;BRENTA;Cassola;-;Via Brigata Cadore 1;Cassola;www.comune.cassola.vi.it;-;
026;065;026065;TV;SINISTRA PIAVE;Refrontolo;-;Via Boschi;Refrontolo;www.savnoservizi.it;-;
028;092;028092;PD;BRENTA;Torreglia;-;Via Del Santo;Montegrotto Terme;www.etraspa.it;-;
023;059;023059;VR;VERONA NORD;Peschiera del Garda;-;Via Borgo Secolo (Loc. Campo Sportivo);Peschiera del Garda;www.peschieradelgarda.org;-;
024;088;024088;VI;BRENTA;Rossano Veneto;-;Via Bodi;Rossano Veneto;www.etraspa.it;-;
024;020;024020;VI;VICENZA;Calvene;-;Via Bissoli 26 ;Calvene;www.altovicentinoambiente.it;-;
024;053;024053;VI;VICENZA;Lugo di Vicenza;-;Via Bissoli 26 ;Calvene;www.altovicentinoambiente.it;-;
026;093;026093;TV;DESTRA PIAVE;Volpago del Montello;-;Via Belfiore 10/A;Volpago del Montello;www.contarina.it;-;
027;018;027018;VE;VENEZIA;Gruaro;-;Via Belfiore;Gruaro;www.comune.gruaro.ve.it;-;
023;075;023075;VR;VERONA SUD;San Pietro di Morubio;-;Via Belbrolo;San Pietro di Morubio;www.comune.sanpietrodimorubio.vr.it;-;
024;046;024046;VI;VICENZA;Grisignano di Zocco;-;Via Bedinella ;Grisignano di Zocco;www.comune.grisignano.vi.it;-;
026;089;026089;TV;DESTRA PIAVE;Vedelago;-;Via Bassanese;Vedelago;www.contarina.it;-;
023;091;023091;VR;VERONA CITTA';Verona;-;Via Bartolomeo Avesani 31;Verona;www.amiavr.it;-;
026;052;026052;TV;SINISTRA PIAVE;Ormelle;-;Via Cal Storta;San Polo di Piave;www.savnoservizi.it;-;
025;029;025029;BL;BELLUNO;Limana;-;Via Baorche;Limana;www.provincia.belluno.it/;-;
026;055;026055;TV;DESTRA PIAVE;Paese;-;Via Baldrocco;Paese;www.contarina.it;-;
023;085;023085;VR;VERONA SUD;Terrazzo;-;Via Baldini;Terrazzo;www.comune.terrazzo.vr.it;-;
029;018;029018;RO;ROVIGO;Costa di Rovigo;-;Via Badaloni ;Costa di Rovigo;www.ecoambienterovigo.i;-;
024;048;024048;VI;VICENZA;Isola Vicentina;-;Via Bacchiglione - Z.Ind. Fossanigo;Isola Vicentina;www.comune.isola-vicentina.vi.it;-;
023;095;023095;VR;VERONA SUD;Villa Bartolomea;-;Via Arzaron;Villa Bartolomea;www.comune.villa-bartolomea.vr.it;-;
026;019;026019;TV;SINISTRA PIAVE;Codogne';-;Via Pianca - Z.I. Roverbasso;Codogne';www.savnoservizi.it;-;
028;033;028033;PD;PADOVA SUD;Codevigo;-;Via Alto Adige 4b;Codevigo;www.bacinopd3.it;-;
026;032;026032;TV;DESTRA PIAVE;Giavera del Montello;-;Via Prato della Valle - Z.I. Povegliano;Povegliano;www.contarina.it;-;
026;090;026090;TV;SINISTRA PIAVE;Vidor;-;Via Albertini Govone - Zona Industriale Bosco;Vidor;www.savnoservizi.it;-;
028;023;028023;PD;BRENTA;Carmignano di Brenta;-;Via dell'industria e dell'artigianato;Carmignano di Brenta;www.etraspa.it;-;
025;012;025012;BL;BELLUNO;Chies d'Alpago;-;Via al Lago;Puos d'Alpago;www.alpago.bl.it;-;
025;020;025020;BL;BELLUNO;Farra d'Alpago;-;Via al Lago;Puos d'Alpago;www.alpago.bl.it;-;
025;038;025038;BL;BELLUNO;Pieve d'Alpago;-;Via al Lago;Puos d'Alpago;www.alpago.bl.it;-;
025;041;025041;BL;BELLUNO;Puos d'Alpago;-;Via al Lago;Puos d'Alpago;www.alpago.bl.it;-;
025;060;025060;BL;BELLUNO;Tambre;-;Via al Lago;Puos d'Alpago;www.alpago.bl.it;-;
026;010;026010;TV;DESTRA PIAVE;Casier;-;Via Al Bigonzo;Casier;www.contarina.it;-;
023;054;023054;VR;VERONA SUD;Nogarole Rocca;-;Via Adige - Fraz. Pradelle;Nogarole Rocca;www.comune.nogarolerocca.vr.it;-;
026;049;026049;TV;SINISTRA PIAVE;Motta di Livenza;-;Via A. Moro;Motta di Livenza;www.savnoservizi.it;-;
028;088;028088;PD;PADOVA SUD;Stanghella;-;Via A. Einstein;Stanghella;www.comune.stanghella.pd.it;-;
024;103;024103;VI;VICENZA;Sovizzo;-;Via 1� Maggio N. 60;Sovizzo;www.agnochiampoambiente.it;-;
024;108;024108;VI;VICENZA;Torri di Quartesolo;-;Via 1� Maggio;Torri di Quartesolo;www.soraris.it;-;
023;040;023040;VR;VERONA SUD;Isola della Scala;-;Traversa di Via Caduti sul lavoro;Isola della Scala;www.comune.isoladellascala.vr.it;-;
023;063;023063;VR;VERONA NORD;Ronca';-;Terrossa di Ronca'�;Terrossa di Ronca'�;www.comuneronca.eu;-;
023;091;023091;VR;VERONA CITTA';Verona;-;Strada Mattaranetta 41;Verona;www.amiavr.it;-;
026;062;026062;TV;DESTRA PIAVE;Povegliano;-;Via Prato della Valle - Z.I. Povegliano;Povegliano;www.contarina.it;-;
023;096;023096;VR;VERONA NORD;Villafranca di Verona;-;Strada Della Leva';Villafranca di Verona;www.comune.villafranca.vr.it;-;
023;087;023087;VR;VERONA NORD;Tregnago;-;Strada Comunale per Finetti;Tregnago;www.consorziovr2.it;-;
029;019;029019;RO;ROVIGO;Crespino;-;SS Martino e Severo;Crespino;www.ecoambienterovigo.i;-;
024;082;024082;VI;BRENTA;Pozzoleone;-;San Valentino;Pozzoleone;www.pozzoleone.org;-;
024;105;024105;VI;VICENZA;Thiene;-;S.P. Gasparona;Thiene;www.altovicentinoambiente.it;-;
024;082;024082;VI;BRENTA;Pozzoleone;-;Ponte della Vittoria;Pozzoleone;www.pozzoleone.org;-;
029;039;029039;RO;ROVIGO;Porto Tolle;-;Via Po di Gnocca;Porto Tolle;www.ecoambienterovigo.i;-;
023;011;023011;VR;VERONA NORD;Bosco Chiesanuova;-;Piazzale Papa Giovanni XXIII;Bosco Chiesanuova;www.boscochiesanuova.net;-;
027;005;027005;VE;VENEZIA;Caorle;-;Piazzale Olimpia;Caorle;www.asvo.it;-;
026;037;026037;TV;SINISTRA PIAVE;Mansue';-;Piazzale dello Sport;Mansue';www.savnoservizi.it;-;
026;060;026060;TV;SINISTRA PIAVE;Portobuffole';-;Piazzale dello Sport;Mansue';www.savnoservizi.it;-;
026;054;026054;TV;DESTRA PIAVE;Paderno del Grappa;-;Via Madonnina Del Grappa;Paderno del Grappa;www.contarina.it;-;
025;054;025054;BL;BELLUNO;Selva di Cadore;-;Pescul - Le Pause;Selva di Cadore;www.agordino.bl.it/web/cma;-;
024;101;024101;VI;BRENTA;Solagna;-;Papa Giovanni;Solagna;www.comune.solagna.vi.it;-;
023;049;023049;VR;VERONA NORD;Montecchia di Crosara;-;Localita' Pasquaro;Montecchia di Crosara;www.comune.montecchiadicrosara.vr.it;-;
025;001;025001;BL;BELLUNO;Agordo;-;Loc.Valcozzena;Agordo;www.agordino.bl.it/web/cma;-;
025;024;025024;BL;BELLUNO;Forno di Zoldo;-;Loc. zona industriale;Forno di Zoldo;www.ecomontsrl.it;-;
025;068;025068;BL;BELLUNO;Zoldo Alto;-;Loc. zona industriale;Forno di Zoldo;www.ecomontsrl.it;-;
025;069;025069;BL;BELLUNO;Zoppe' di Cadore;-;Loc. zona industriale;Forno di Zoldo;www.ecomontsrl.it;-;
025;043;025043;BL;BELLUNO;Rivamonte Agordino;-;Loc. Villagrande;Rivamonte Agordino;www.agordino.bl.it/web/cma;-;
025;067;025067;BL;BELLUNO;Voltago Agordino;-;Loc. Villagrande;Rivamonte Agorndino;www.agordino.bl.it/web/cma;-;
023;023;023023;VR;VERONA NORD;Cavaion Veronese;-;Loc. Valzuane;Cavaion Veronese;www.consorziovr2.it;-;
025;005;025005;BL;BELLUNO;Auronzo di Cadore;-;Loc. Valesella;Domegge di Cadore;www.ecomontsrl.it;-;
025;008;025008;BL;BELLUNO;Calalzo di Cadore;-;Loc. Valesella;Domegge di Cadore;www.ecomontsrl.it;-;
025;018;025018;BL;BELLUNO;Domegge di Cadore;-;Loc. Valesella;Domegge di Cadore;www.ecomontsrl.it;-;
025;032;025032;BL;BELLUNO;Lorenzago di Cadore;-;Loc. Val Bieggia - Vallesella;Domegge di Cadore;www.ecomontsrl.it;-;
025;033;025033;BL;BELLUNO;Lozzo di Cadore;-;Loc. Val Bieggia - Vallesella;Domegge di Cadore;www.ecomontsrl.it;-;
025;037;025037;BL;BELLUNO;Perarolo di Cadore;-;Loc. Val Bieggia - Vallesella;Domegge di Cadore;www.ecomontsrl.it;-;
025;039;025039;BL;BELLUNO;Pieve di Cadore;-;Loc. Val Bieggia - Vallesella;Domegge di Cadore;www.ecomontsrl.it;-;
025;065;025065;BL;BELLUNO;Vigo di Cadore;-;Loc. Val Bieggia - Vallesella;Domegge di Cadore;www.ecomontsrl.it;-;
025;025;025025;BL;BELLUNO;Gosaldo;-;Loc. Tiser;Gosaldo;www.agordino.bl.it/web/cma;-;
024;106;024106;VI;VICENZA;Tonezza del Cimone;-;Loc. Tezza;Tonezza del Cimone;www.altovicentinoambiente.it;-;
024;086;024086;VI;BRENTA;Romano d'Ezzelino;-;Loc. S. Giacomo;Romano d'Ezzelino;www.comune.romano.vi.it;-;
025;014;025014;BL;BELLUNO;Colle Santa Lucia;-;Loc. Rucava';Colle Santa Lucia;www.agordino.bl.it/web/cma;-;
025;045;025045;BL;BELLUNO;San Gregorio nelle Alpi;-;Loc. Roncoi;San Gregorio Nelle Alpi;www.feltrino.bl.it/;-;
025;059;025059;BL;BELLUNO;Taibon Agordino;-;Loc. Roa Del Forn;Taibon Agorno;www.agordino.bl.it/web/cma;-;
023;013;023013;VR;VERONA NORD;Brentino Belluno;-;Loc. Rivalta;Brentino Belluno;www.consorziovr2.it;-;
025;040;025040;BL;BELLUNO;Ponte nelle Alpi;-;Loc. Pra' de Anta;Ponte nelle Alpi;www.comune.pontenellealpi.bl.it;-;
023;005;023005;VR;VERONA NORD;Badia Calavena;-;Loc. Ponterosso;Badia Calavena;www.badiacalavena.eu;-;
025;046;025046;BL;BELLUNO;San Nicolo' di Comelico;-;Loc. Tamai;San Nicolo' di Comelico;www.provincia.belluno.it/;-;
025;050;025050;BL;BELLUNO;Santo Stefano di Cadore;-;Loc. Ponte Della Lasta;Santo Stefano di Cadore;www.provincia.belluno.it/;-;
025;007;025007;BL;BELLUNO;Borca di Cadore;-;Loc. Pies De Ra Mognes;Cortina d'Ampezzo;www.provincia.belluno.it/;-;
025;013;025013;BL;BELLUNO;Cibiana di Cadore;-;Loc. Pies De Ra Mognes;Cortina d'Ampezzo;www.provincia.belluno.it/;-;
025;016;025016;BL;BELLUNO;Cortina d'Ampezzo;-;Loc. Pies De Ra Mognes;Cortina d'Ampezzo;www.provincia.belluno.it/;-;
025;051;025051;BL;BELLUNO;San Vito di Cadore;-;Loc. Pies De Ra Mognes;Cortina d'Ampezzo;www.provincia.belluno.it/;-;
025;063;025063;BL;BELLUNO;Valle di Cadore;-;Loc. Pies De Ra Mognes;Cortina d'Ampezzo;www.provincia.belluno.it/;-;
025;066;025066;BL;BELLUNO;Vodo Cadore;-;Loc. Pies De Ra Mognes;Cortina d'Ampezzo;www.provincia.belluno.it/;-;
025;049;025049;BL;BELLUNO;San Tomaso Agordino;-;Loc. Pian Molin;San Tomaso Agorno;www.agordino.bl.it/web/cma;-;
023;030;023030;VR;VERONA NORD;Costermano;-;Loc. Pertica in Frazione Albare' ;Costermano;www.consorziovr2.it;-;
025;026;025026;BL;BELLUNO;Lamon;-;Loc. P.Vescovo ;Lamon;www.feltrino.bl.it/;-;
023;076;023076;VR;VERONA NORD;San Pietro in Cariano;-;Loc. Ossan;San Pietro in Cariano;www.comune.sanpietroincariano.vr.it;-;
024;030;024030;VI;VICENZA;Chiuppano;-;Loc. Navo';Chiuppano;www.altovicentinoambiente.it;-;
024;078;024078;VI;VICENZA;Piovene Rocchette;-;Loc. Navo';Chiuppano;www.altovicentinoambiente.it;-;
025;010;025010;BL;BELLUNO;Cencenighe Agordino;-;Loc. Morbiach;Cencenighe Agordino;www.agordino.bl.it/web/cma;-;
023;057;023057;VR;VERONA NORD;Pastrengo;-;Loc. Montaer;Pastrengo;www.consorziovr2.it;-;
026;080;026080;TV;SINISTRA PIAVE;Sernaglia della Battaglia;-;Loc. Masarole;Sernaglia della Battaglia;www.savnoservizi.it;-;
025;003;025003;BL;BELLUNO;Alleghe;-;Loc. Le Pale - Masare';Rocca Pietore;www.agordino.bl.it/web/cma;-;
025;044;025044;BL;BELLUNO;Rocca Pietore;-;Loc. Le Pale - Masare';Rocca Pietore;www.agordino.bl.it/web/cma;-;
023;079;023079;VR;VERONA NORD;San Zeno di Montagna;-;Loc. Lastoni;San Zeno di Montagna;www.consorziovr2.it;-;
025;004;025004;BL;BELLUNO;Arsie';-;Loc. La Menor;Arsie';www.feltrino.bl.it/;-;
025;017;025017;BL;BELLUNO;Danta di Cadore;-;Loc. La Duda;Danta di Cadore;www.provincia.belluno.it/;-;
025;034;025034;BL;BELLUNO;Mel;-;Loc. Gus;Mel;www.provincia.belluno.it/;-;
025;047;025047;BL;BELLUNO;San Pietro di Cadore;-;Loc. Giau Alto in frazione di Costalta;San Pietro Cadore;www.provincia.belluno.it/;-;
024;084;024084;VI;VICENZA;Recoaro Terme;-;Loc. Fornace;Recoaro Terme;www.agnochiampoambiente.it;-;
024;086;024086;VI;BRENTA;Romano d'Ezzelino;-;Loc. Fellette;Romano d'Ezzelino;www.comune.romano.vi.it;-;
025;027;025027;BL;BELLUNO;La Valle Agordina;-;Loc. Conaggia;La Valle Agordina;www.agordino.bl.it/web/cma;-;
026;079;026079;TV;SINISTRA PIAVE;Segusino;-;Loc. Col Lonc;Segusino;www.savnoservizi.it;-;
025;052;025052;BL;BELLUNO;Sappada;-;Loc. Cleva;Sappada;www.provincia.belluno.it/;-;
025;032;025032;BL;BELLUNO;Lorenzago di Cadore;-;Loc. Cimagogna - Vallesella    ;Auronzo di Cadore;www.ecomontsrl.it;-;
025;033;025033;BL;BELLUNO;Lozzo di Cadore;-;Loc. Cimagogna - Vallesella    ;Auronzo di Cadore;www.ecomontsrl.it;-;
025;037;025037;BL;BELLUNO;Perarolo di Cadore;-;Loc. Cimagogna - Vallesella    ;Auronzo di Cadore;www.ecomontsrl.it;-;
025;039;025039;BL;BELLUNO;Pieve di Cadore;-;Loc. Cimagogna - Vallesella    ;Auronzo di Cadore;www.ecomontsrl.it;-;
025;065;025065;BL;BELLUNO;Vigo di Cadore;-;Loc. Cimagogna - Vallesella    ;Auronzo di Cadore;www.ecomontsrl.it;-;
023;025;023025;VR;VERONA SUD;Cerea;-;Loc. Cherubine - Via Magellano;Cerea;www.cerea.net;-;
024;080;024080;VI;VICENZA;Posina;-;Loc. Castana;Posina;www.altovicentinoambiente.it;-;
023;038;023038;VR;VERONA NORD;Grezzana;-;Loc. Carrara;Grezzana;www.comune.grezzana.vr.it;-;
024;066;024066;VI;VICENZA;Monteviale;-;Loc. Canestrello zona Artigianale;Monteviale;www.comune.monteviale.vi.it;-;
023;067;023067;VR;VERONA NORD;Rovere' Veronese;-;Loc. Campe ;Velo Veronese;www.veloveronese.net;-;
023;067;023067;VR;VERONA NORD;Rovere' Veronese;-;Via Brusamonte ;San Mauro di Saline;www.comune.sanmaurodisaline.vr.it;-;
023;090;023090;VR;VERONA NORD;Velo Veronese;-;Loc. Campe ;Velo Veronese;www.veloveronese.net;-;
023;006;023006;VR;VERONA NORD;Bardolino;-;Loc. Campazzi;Bardolino;www.comune.bardolino.vr.it;-;
025;058;025058;BL;BELLUNO;Sovramonte;-;Loc. Campagna Sorriva N.282/F;Sovramonte;www.feltrino.bl.it/;-;
026;018;026018;TV;SINISTRA PIAVE;Cison di Valmarino;-;Loc. Busi;Cison di Valmarino;www.comune.cisondivalmarino.tv.it;-;
025;023;025023;BL;BELLUNO;Canale d'Agordo;-;Loc. Bozon;Vallada Agordina;www.agordino.bl.it/web/cma;-;
025;062;025062;BL;BELLUNO;Vallada Agordina;-;Loc. Bozon;Vallada Agordina;www.agordino.bl.it/web/cma;-;
023;070;023070;VR;VERONA NORD;San Giovanni Ilarione;-;Loc. Boarie;San Giovanni Ilarione;www.comune.sangiovanniilarione.vr.it;-;
023;025;023025;VR;VERONA SUD;Cerea;-;Loc. Asparetto - Via M. Buonarroti;Cerea;www.cerea.net;-;
025;019;025019;BL;BELLUNO;Falcade;-;Loc. Pian dei ort;Falcade;www.agordino.bl.it/web/cma;-;
023;036;023036;VR;VERONA NORD;Garda;-;Loc Risare - Via Don Sturzo;Garda;www.consorziovr2.it;-;
024;100;024100;VI;VICENZA;Schio;-;Loc Campagnola;Schio;www.altovicentinoambiente.it;-;
024;049;024049;VI;VICENZA;Laghi;-;Lo. Castana;Posina;www.altovicentinoambiente.it;-;
024;114;024114;VI;BRENTA;Valstagna;-;Giara Modon;Valstagna;www.comunevalstagna.it;-;
024;117;024117;VI;VICENZA;Villaga;-;Frazione Ponte di Barbarano; Viale del Lavoro;Villaga;www.utilya.it;-;
023;045;023045;VR;VERONA NORD;Malcesine;-;Frazione Navene;Malcesine;www.comunemalcesine.it;-;
024;043;024043;VI;VICENZA;Gambellara;-;Fermi;Gambellara;www.agnochiampoambiente.it;-;
023;031;023031;VR;VERONA NORD;Dolce';-;Dolce' Capoluogo;Dolce';www.consorziovr2.it;-;
028;058;028058;PD;BRENTA;Noventa Padovana;-;Corso Stati Uniti 3;Padova;www.gruppo.acegas-aps.it;-;
028;060;028060;PD;PADOVA CENTRO;Padova;-;Corso Stati Uniti 3;Padova;www.gruppo.acegas-aps.it;-;
028;085;028085;PD;BRENTA;Saonara;-;Via Piave;Saonara;www.gruppo.acegas-aps.it;-;
024;033;024033;VI;BRENTA;Conco;-;Strada del Rameston;Conco;www.etraspa.it;-;
024;054;024054;VI;BRENTA;Lusiana;-;Contra' Belghe (Bivio Rameston);Conco;www.etraspa.it;-;
028;013;028013;PD;BRENTA;Borgoricco;-;Via della Centuriazione;Camposampiero;www.etraspa.it;-;
028;063;028063;PD;BRENTA;Piazzola sul Brenta;-;Via Galvani;Campodarsego;www.etraspa.it;-;
028;076;028076;PD;BRENTA;San Giorgio in Bosco;-;Via Galvani;Campodarsego;www.etraspa.it;-;
028;104;028104;PD;BRENTA;Villanova di Camposampiero;-;Via Marconi z.i.;Villanova di Camposampiero;www.etraspa.it;-;
028;072;028072;PD;BRENTA;Rubano;-;Via Petrarca;Mestrino;www.etraspa.it;-;
028;073;028073;PD;BRENTA;Saccolongo;-;Via Petrarca;Mestrino;www.etraspa.it;-;
028;005;028005;PD;PADOVA SUD;Arqua' Petrarca;-;Via Serragli 84;Piacenza d�Adige;www.comune.arqua.pd.it;-;
028;009;028009;PD;PADOVA SUD;Baone;-;centro di raccolta non presente;-;www.comune.baone.pd.it;-;
028;012;028012;PD;PADOVA SUD;Boara Pisani;-;Via Serragli 84;Piacenza d�Adige;www.comune.boarapisani.pd.it;-;
028;022;028022;PD;PADOVA SUD;Carceri;-;Via Serragli 84;Piacenza d�Adige;www.bacinopd3.it;x;
028;031;028031;PD;PADOVA SUD;Cinto Euganeo;-;centro di raccolta non presente;-;www.comune.cintoeuganeo.pd.it;-;
028;040;028040;PD;BRENTA;Galzignano Terme;-;centro di raccolta non presente;-;www.galzignanoterme.org;-;
028;047;028047;PD;PADOVA SUD;Lozzo Atestino;-;centro di raccolta non presente;-;www.comune.lozzoatestino.pd.it;-;
028;059;028059;PD;PADOVA SUD;Ospedaletto Euganeo;-;Via Degli Artigiani;Este;www.comune.ospedalettoeuganeo.pd.it;-;
028;061;028061;PD;PADOVA SUD;Pernumia;-;centro di raccolta non presente;-;www.comune-pernumia.it;-;
028;070;028070;PD;PADOVA SUD;Pozzonovo;-;Viale Germania;Tribano;www.comune.pozzonovo.pd.it;-;
028;071;028071;PD;BRENTA;Rovolon;-;centro di raccolta non presente;-;www.comune.rovolon.pd.it;-;
028;074;028074;PD;PADOVA SUD;Saletto;-;centro di raccolta non presente;-;www.comunesaletto.pd.it;x;
028;083;028083;PD;PADOVA SUD;Sant'Elena;-;centro di raccolta non presente;-;www.comune.santelena.pd.it;-;
028;006;028006;PD;PADOVA SUD;Arre;-;Viale Dell'artigianato 33;Conselve;www.bacinopd3.it;-;
028;079;028079;PD;PADOVA SUD;San Pietro Viminario;-;centro di raccolta non presente;-;www.comune.sanpietroviminario.pd.it;-;
028;082;028082;PD;PADOVA SUD;Sant'Angelo di Piove di Sacco;-;centro di raccolta non presente;-;www.santangelopiove.net;-;
024;002;024002;VI;VICENZA;Albettone;-;centro di raccolta non presente;-;www.comune.albettone.vi.it;-;
024;044;024044;VI;VICENZA;Gambugliano;-;centro di raccolta non presente;-;www.comune.gambugliano.vi.it;-;
024;121;024121;VI;VICENZA;Zovencedo;-;Localita' Palu';San Germano dei Berici;www.comune.zovencedo.vi.it;-;
024;113;024113;VI;VICENZA;Valli del Pasubio;-;centro di raccolta non presente;-;www.comune.vallidelpasubio.vi.it;-;
024;037;024037;VI;VICENZA;Crespadoro;-;centro di raccolta non presente;-;www.comune.crespadoro.vi.it;-;
024;094;024094;VI;VICENZA;San Pietro Mussolino;-;Via Casiglione; loc. Arso;Chiampo;www.comune.sanpietromussolino.vi.it;-;
024;009;024009;VI;BRENTA;Asiago;-;via Ceresara�;Asiago;www.etraspa.it;-;
024;039;024039;VI;BRENTA;Enego;-;centro di raccolta non presente;-;www.etraspa.it;-;
024;041;024041;VI;BRENTA;Foza;via Roma;-;-;www.etraspa.it;-;
024;042;024042;VI;BRENTA;Gallio;-;centro di raccolta non presente;-;www.etraspa.it;-;
024;085;024085;VI;BRENTA;Roana;-;centro di raccolta non presente;-;www.etraspa.it;-;
024;089;024089;VI;BRENTA;Rotzo;-;centro di raccolta non presente;-;www.etraspa.it;-;
024;023;024023;VI;BRENTA;Campolongo sul Brenta;-;centro di raccolta non presente;-;www.comune.campolongosulbrenta.vi.it;-;
023;014;023014;VR;VERONA NORD;Brenzone;-;centro di raccolta non presente;-;www.comune.brenzone.vr.it;-;
023;034;023034;VR;VERONA NORD;Ferrara di Monte Baldo;-;centro di raccolta non presente;-;www.comune.ferraradimontebaldo.vr.it;-;
023;086;023086;VR;VERONA NORD;Torri del Benaco;-;centro di raccolta non presente;-;www.comune.torridelbenaco.vr.it;-;
023;094;023094;VR;VERONA SUD;Vigasio;-;Via del Lavoro;Vigasio;www.comune.vigasio.vr.it;-;
023;004;023004;VR;VERONA SUD;Arcole;-;centro di raccolta non presente;-;www.comunediarcole.it;-;
023;007;023007;VR;VERONA SUD;Belfiore;-;centro di raccolta non presente;-;www.comune.belfiore.vr.it;-;
023;092;023092;VR;VERONA SUD;Veronella;-;centro di raccolta non presente;-;www.comune.veronella.vr.it;-;
023;003;023003;VR;VERONA SUD;Angiari;-;centro di raccolta non presente;-;www.comune.angiari.vr.it;-;
023;008;023008;VR;VERONA SUD;Bevilacqua;-;centro di raccolta non presente;-;www.comune.bevilacqua.vr.it;-;
023;009;023009;VR;VERONA SUD;Bonavigo;-;centro di raccolta non presente;-;www.comune.bonavigo.vr.it;-;
023;056;023056;VR;VERONA SUD;Palu';-;centro di raccolta non presente;-;www.comunepalu.it;-;
023;047;023047;VR;VERONA NORD;Mezzane di Sotto;-;centro di raccolta non presente;-;www.comune.mezzane.vr.it;-;
025;056;025056;BL;BELLUNO;Sospirolo;-;Vicino alle scuole;Sospirolo;www.provincia.belluno.it/;-;
023;002;023002;VR;VERONA SUD;Albaredo d'Adige;-;P.zza A. Moro;Albaredo d'Adige;www.comune.albaredodadige.vr.it;-;
026;007;026007;TV;SINISTRA PIAVE;Cappella Maggiore;-;Borgo Canalet;Sarmede;www.comune.sarmede.tv.it;-;
026;030;026030;TV;SINISTRA PIAVE;Fregona;-;Borgo Canalet;Sarmede;www.comune.sarmede.tv.it;-;
026;078;026078;TV;SINISTRA PIAVE;Sarmede;-;Borgo Canalet;Sarmede;www.comune.sarmede.tv.it;-;
027;042;027042;VE;VENEZIA;Venezia;-;Banchina di Levante; Canale Scomenzera; Santa Marta Dorsoduro;Venezia;www.gruppoveritas.it;-;
024;116;024116;VI;VICENZA;Vicenza;-;Via Fornaci; 5;Vicenza;www.aimvicenza.it;-;
024;006;024006;VI;VICENZA;Arcugnano;-;Via Leonardo da Vinci z.i.Sant'Agostino;Arcugnano;www.utilya.it;-;
024;100;024100;VI;VICENZA;Schio;-;Via Campagnola - zona piscine - Schio;Schio;www.altovicentinoambiente.it;-;
023;025;023025;VR;VERONA SUD;Cerea;-;Loc. Asparetto - Via M. Buonarroti;Cerea;www.cerea.net;-;
023;025;023025;VR;VERONA SUD;Cerea;-;Loc. Cherubine - Via Magellano;Cerea;www.cerea.net;-;
023;031;023031;VR;VERONA NORD;Dolce';-;Loc. Volargne;Dolce';www.consorziovr2.it;-;
023;022;023022;VR;VERONA NORD;Castelnuovo del Garda;-;Via Marx - Capoluogo;Castelnuovo del Garda;www.comune.castelnuovodelgarda.vr.it;-;
023;022;023022;VR;VERONA NORD;Castelnuovo del Garda;-;Via Mantovana - Cavalcaselle;Castelnuovo del Garda;www.comune.castelnuovodelgarda.vr.it;-;
023;069;023069;VR;VERONA NORD;San Bonifacio;-;Via Don Eugenio Guiotto s.n. fraz. Locara ;San Bonifacio;www.comune.sanbonifacio.vr.it;-;
023;097;023097;VR;VERONA SUD;Zevio;-;Via Saturno 24;Zevio;www.comune.zevio.vr.it;-;
023;035;023035;VR;VERONA NORD;Fumane;-;Via dei Prati;Fumane;www.comunedifumane.it;-;